id,text,assets_id,name
3,"–ì—Ä–∞–∂–¥–∞–Ω—Å–∫–∏–µ ‚Äî —ç—Ç–æ –º–∏—Ä–Ω—ã–µ –∂–∏—Ç–µ–ª–∏ –≥–æ—Ä–æ–¥–æ–≤ –∏ —Å–µ–ª, –∫–æ—Ç–æ—Ä—ã–µ –Ω–µ –ø—Ä–∏–Ω–∏–º–∞—é—Ç —É—á–∞—Å—Ç–∏—è –≤ –≤–æ–π–Ω–µ. –í–æ –≤—Ä–µ–º—è –≤–æ–π–Ω—ã –≥—Ä–∞–∂–¥–∞–Ω—Å–∫–∏–µ —á–∞—Å—Ç–æ —Å—Ç–∞–Ω–æ–≤—è—Ç—Å—è —Å–ª—É—á–∞–π–Ω—ã–º–∏ –∂–µ—Ä—Ç–≤–∞–º–∏.

–û–±—ã—á–Ω–æ, –∫–æ–≥–¥–∞ —Å—á–∏—Ç–∞—é—Ç –ø–æ–≥–∏–±—à–∏—Ö –Ω–∞ –≤–æ–π–Ω–µ, –≥—Ä–∞–∂–¥–∞–Ω—Å–∫–∏—Ö –ª–∏—Ü —Å—á–∏—Ç–∞—é—Ç –æ—Ç–¥–µ–ª—å–Ω–æ –æ—Ç –≤–æ–µ–Ω–Ω—ã—Ö.",,donbas_years_add
1,"–° 2012 –ø–æ 2022 –≥–æ–¥ –≤ –î–æ–Ω–±–∞—Å—Å–µ —Å–ª—É—á–∏–ª–∞—Å—å –±–æ–ª—å—à–∞—è —Ç—Ä–∞–≥–µ–¥–∏—è.

–ó–∞ —ç—Ç–∏ 8 –ª–µ—Ç:
- –ü–æ –¥–∞–Ω–Ω—ã–º –û–û–ù, –≤—Å–µ–≥–æ –ø–æ–≥–∏–±–ª–æ –Ω–µ –º–µ–Ω–µ–µ 13200 —á–µ–ª–æ–≤–µ–∫, –∏–∑ –∫–æ—Ç–æ—Ä—ã—Ö 3375 –≥—Ä–∞–∂–¥–∞–Ω—Å–∫–∏—Ö –ª–∏—Ü
- –ò–∑ –Ω–∏—Ö 149 ‚Äî –¥–µ—Ç–∏

–≠—Ç–æ –æ—á–µ–Ω—å –º–Ω–æ–≥–æ. –ò –ø–æ—ç—Ç–æ–º—É –æ—Å–æ–±–µ–Ω–Ω–æ –Ω–µ–ø—Ä–∏—è—Ç–Ω–æ —Ç–æ, —á—Ç–æ —Ä–æ—Å—Å–∏–π—Å–∫–∞—è –ø—Ä–æ–ø–∞–≥–∞–Ω–¥–∞ –∏—Å–ø–æ–ª—å–∑—É–µ—Ç —ç—Ç–∏ –¥–∞–Ω–Ω—ã–µ, –∫–∞–∫ –µ–π —É–¥–æ–±–Ω–æ. –ê –∏–º–µ–Ω–Ω–æ, –æ–Ω–∞ –Ω–∞–∑—ã–≤–∞–µ—Ç —Ü–∏—Ñ—Ä—ã –∑–∞  8 –ª–µ—Ç, —É–ø—É—Å–∫–∞—è –≥–ª–∞–≤–Ω–æ–µ.

–ê –≥–ª–∞–≤–Ω–æ–µ –∑–∞–∫–ª—é—á–∞–µ—Ç—Å—è –≤ —Ç–æ–º, —á—Ç–æ –≤ 2015-–º –≥–æ–¥—É –±—ã–ª–∏ –∑–∞–∫–ª—é—á–µ–Ω—ã –ú–∏–Ω—Å–∫–∏–µ —Å–æ–≥–ª–∞—à–µ–Ω–∏—è, –ø–æ—Å–ª–µ –∫–æ—Ç–æ—Ä—ã—Ö –∫–æ–ª–∏—á–µ—Å—Ç–≤–æ –∂–µ—Ä—Ç–≤ —Å–Ω–∏–∑–∏–ª–æ—Å—å –≤ —Ä–∞–∑—ã, –∏ –∫–æ–Ω—Ñ–ª–∏–∫—Ç –ø–µ—Ä–µ—à–µ–ª –≤ –ø–æ–∑–∏—Ü–∏–æ–Ω–Ω—É—é —Å—Ç–∞–¥–∏—é —Å —Ä–µ–¥–∫–∏–º–∏ –æ–±—Å—Ç—Ä–µ–ª–∞–º–∏. –í –ø–æ—Å–ª–µ–¥—É—é—â–∏–µ –≥–æ–¥—ã —Å—Ç–æ—Ä–æ–Ω—ã –ø—Ä–µ–¥–ø—Ä–∏–Ω–∏–º–∞–ª–∏ –¥–æ–ø–æ–ª–Ω–∏—Ç–µ–ª—å–Ω—ã–µ –º–µ—Ä—ã, —á—Ç–æ–±—ã —Å–Ω–∏–∑–∏—Ç—å —É—Ä–æ–≤–µ–Ω—å –Ω–∞–ø—Ä—è–∂–µ–Ω–Ω–æ—Å—Ç–∏ –∏ –∫–æ–ª–∏—á–µ—Å—Ç–≤–æ –∂–µ—Ä—Ç–≤. –†–æ—Å—Å–∏–π—Å–∫–∞—è –ø—Ä–æ–ø–∞–≥–∞–Ω–¥–∞ –Ω–∏–∫–æ–≥–¥–∞ –Ω–µ —É–ø–æ–º–∏–Ω–∞–µ—Ç —ç—Ç—É –¥–∏–Ω–∞–º–∏–∫—É, –∞ –≥–æ–≤–æ—Ä–∏—Ç –ª–∏—à—å –æ –ø–æ—Ç–µ—Ä—è—Ö –∑–∞ 8 –ª–µ—Ç.

–ü–æ—Å–º–æ—Ç—Ä–∏—Ç–µ –Ω–∞ —ç—Ç–æ—Ç –≥—Ä–∞—Ñ–∏–∫. –ù–∞–ø—Ä–∏–º–µ—Ä, –≤—ã –∑–Ω–∞–ª–∏, —á—Ç–æ –∑–∞ 2021 –≥–æ–¥ –ø–æ–≥–∏–±–ª–æ (–Ω–µ –ø–æ–≤–æ—Ä–∞—á–∏–≤–∞–µ—Ç—Å—è —è–∑—ã–∫ —Å–∫–∞–∑–∞—Ç—å ""–≤—Å–µ–≥–æ"") 18 –≥—Ä–∞–∂–¥–∞–Ω—Å–∫–∏—Ö?",1,donbas_years
6,"–î–µ–π—Å—Ç–≤–∏—Ç–µ–ª—å–Ω–æ, –í–ª–∞–¥–∏–º–∏—Ä –ü—É—Ç–∏–Ω —É—Ç–≤–µ—Ä–∂–¥–∞–µ—Ç, —á—Ç–æ –Ω–µ–æ–±—Ö–æ–¥–∏–º–æ –±—ã–ª–æ –Ω–∞–Ω–µ—Å—Ç–∏ —É–ø—Ä–µ–∂–¥–∞—é—â–∏–π —É–¥–∞—Ä, —á—Ç–æ–±—ã –∏–∑–±–µ–∂–∞—Ç—å –≤—Ç–æ—Ä–∂–µ–Ω–∏—è –≤ –Ω–∞—à–∏ –∑–µ–º–ª–∏.

–î–∞–≤–∞–π—Ç–µ –∑–∞–ø–æ–º–Ω–∏–º —ç—Ç–æ –∏ –æ–±—Å—É–¥–∏–º –ø–æ–∑–∂–µ, –∞ —Å–µ–π—á–∞—Å –≤–µ—Ä–Ω–µ–º—Å—è –∫ —Ç–µ–º–µ –î–æ–Ω–±–∞—Å—Å–∞",3,reason_to_war
5,"–ù–∞ –≤–æ–π–Ω–µ, –∫–æ—Ç–æ—Ä—É—é –ü—É—Ç–∏–Ω –Ω–∞—á–∞–ª 24 —Ñ–µ–≤—Ä–∞–ª—è 2022 –≥–æ–¥–∞, –ø–æ –¥–∞–Ω–Ω—ã–º –û–û–ù <b>–ø–æ –º–∏–Ω–∏–º–∞–ª—å–Ω—ã–º –æ—Ü–µ–Ω–∫–∞–º</b> –ø–æ–≥–∏–±–ª–æ —É–∂–µ –±–æ–ª–µ–µ 1800 –≥—Ä–∞–∂–¥–∞–Ω—Å–∫–∏—Ö.

–î–∞–∂–µ –µ—Å–ª–∏ —É—Ä–æ–≤–µ–Ω—å –∂–µ—Ä—Ç–≤ –Ω–µ –ø—Ä–æ–¥–æ–ª–∂–∏–ª –±—ã —Å–Ω–∏–∂–∞—Ç—å—Å—è, –∞ –¥–µ—Ä–∂–∞–ª—Å—è –Ω–∞ —É—Ä–æ–≤–Ω–µ 2021 –≥–æ–¥–∞, —Ç–æ –º–æ–∂–Ω–æ –±—ã–ª–æ –±—ã —Å–∫–∞–∑–∞—Ç—å —Å–ª–µ–¥—É—é—â–µ–µ:
<b>–ü–æ—Å–ª–µ –≤—Ç–æ—Ä–∂–µ–Ω–∏—è –†–æ—Å—Å–∏–∏ –Ω–∞ –£–∫—Ä–∞–∏–Ω—É –∑–∞ 3 –º–µ—Å—è—Ü–∞ –ø–æ–≥–∏–±–ª–æ –±–æ–ª—å—à–µ –º–∏—Ä–Ω—ã—Ö –ª—é–¥–µ–π, —á–µ–º –ø–æ–≥–∏–±–ª–æ –±—ã –∑–∞ 100 –ª–µ—Ç —ç—Ç–æ–≥–æ –∫–æ–Ω—Ñ–ª–∏–∫—Ç–∞.</b>

–ü—Ä–∏ —ç—Ç–æ–º ‚Äî –µ—Å–ª–∏ –≤–µ—Ä–∏—Ç—å —Å–ª–æ–≤–∞–º –ü—É—Ç–∏–Ω–∞ ‚Äî ""—Å–ø–µ—Ü–æ–ø–µ—Ä–∞—Ü–∏—è –∏–¥–µ—Ç –ø–æ –ø–ª–∞–Ω—É"".

–ê —á—Ç–æ –¥—É–º–∞–µ—Ç–µ –≤—ã?

–ö–æ–≥–¥–∞ –±—É–¥–µ—Ç–µ –≥–æ—Ç–æ–≤—ã, –Ω–∞–∂–º–∏—Ç–µ –Ω–∞ –∫–Ω–æ–ø–∫—É, —á—Ç–æ–±—ã –ø—Ä–æ–π—Ç–∏ –æ–ø—Ä–æ—Å.",2,donbas_years_select
7,"<b>–ê –º–æ–∂–µ—Ç –û–û–ù –≤—Ä–µ—Ç?</b> –ü–æ—á–µ–º—É –º—ã –¥–æ–ª–∂–Ω—ã –∏–º –≤–µ—Ä–∏—Ç—å, –º–æ–∂–µ—Ç –æ–Ω–∏ –∑–∞–≤—ã—à–∞—é—Ç –ø–æ—Ç–µ—Ä–∏ —Å—Ä–µ–¥–∏ –º–∏—Ä–Ω–æ–≥–æ –Ω–∞—Å–µ–ª–µ–Ω–∏—è –∏ –Ω–∞ —Å–∞–º–æ–º –¥–µ–ª–µ –∏—Ö –Ω–∞–º–Ω–æ–≥–æ –º–µ–Ω—å—à–µ, —á–µ–º 1800 —á–µ–ª–æ–≤–µ–∫?

–ö–æ–Ω–∫—Ä–µ—Ç–Ω—ã–µ —Ü–∏—Ñ—Ä—ã –º—ã —Å–º–æ–∂–µ–º —É–∑–Ω–∞—Ç—å —Ç–æ–ª—å–∫–æ –ø–æ—Å–ª–µ –æ–∫–æ–Ω—á–∞–Ω–∏—è –≤–æ–µ–Ω–Ω—ã—Ö –¥–µ–π—Å—Ç–≤–∏–π, –Ω–æ –Ω–µ—Ç —Å–æ–º–Ω–µ–Ω–∏–π, —á—Ç–æ –æ—á–µ–Ω—å –º–Ω–æ–≥–æ –ª—é–¥–µ–π —Å—Ç–∞–ª–∏ —Å–ª—É—á–∞–π–Ω—ã–º–∏ –∂–µ—Ä—Ç–≤–∞–º–∏ –Ω–∞ —ç—Ç–æ–π –≤–æ–π–Ω–µ. –ü—Ä–æ—Å—Ç–æ –ø–æ—Å–º–æ—Ç—Ä–∏—Ç–µ –≤–∏–¥–µ–æ –≤—ã—à–µ.

–Ø –ø—Ä–∏–≤–µ–ª –≤ –ø—Ä–∏–º–µ—Ä –û–û–ù, –∫–∞–∫ —Å–∞–º—ã–π –Ω–µ–π—Ç—Ä–∞–ª—å–Ω—ã–π –∏—Å—Ç–æ—á–Ω–∏–∫, –≤–µ–¥—å –†–æ—Å—Å–∏—è ‚Äî —á–ª–µ–Ω –û–û–ù –∏ –æ–¥–Ω–∞ –∏–∑ –ø—è—Ç–∏ —Å—Ç—Ä–∞–Ω-–æ—Å–Ω–æ–≤–∞—Ç–µ–ª–µ–π. –ù–æ –µ—Å—Ç—å –∏ –¥—Ä—É–≥–∏–µ –¥–∞–Ω–Ω—ã–µ:
‚Äî –î–∞–Ω–Ω—ã–µ —Ä–∞–∑
‚Äî –î–∞–Ω–Ω—ã–µ –¥–≤–∞
‚Äî –î–∞–Ω–Ω—ã–µ —Ç—Ä–∏",,civil_casualties
8,"–ü—Ä–æ–ø–∞–≥–∞–Ω–¥–∞, —Ä–∞–∑ –∑–∞ —Ä–∞–∑–æ–º, –æ—Å–æ–±–µ–Ω–Ω–æ –≤ –Ω–∞—á–∞–ª–µ –≤–æ–π–Ω—ã, –ø–æ–≤—Ç–æ—Ä—è–ª–∞, —á—Ç–æ <b>–Ω–∞—à–∏ –≤–æ–π—Å–∫–∞ –±—å—é—Ç —Ç–æ–ª—å–∫–æ –ø–æ –≤–æ–µ–Ω–Ω—ã–º –æ–±—ä–µ–∫—Ç–∞–º –≤—ã—Å–æ–∫–æ—Ç–æ—á–Ω—ã–º –æ—Ä—É–∂–∏–µ–º.</b> –ú–Ω–æ–≥–∏–µ —Ä–æ—Å—Å–∏—è–Ω–µ —É—Å–ø–æ–∫–∞–∏–≤–∞—é—Ç —Å–µ–±—è —ç—Ç–∏–º.

–ù–æ –º—ã —Å –≤–∞–º–∏ –¥–æ–≥–æ–≤–∞—Ä–∏–≤–∞–ª–∏—Å—å –±—ã—Ç—å —á–µ—Å—Ç–Ω—ã–º–∏ —Å–∞–º–∏ —Å —Å–æ–±–æ–π. <b>–≠—Ç–æ –Ω–µ —Ç–∞–∫.</b> –Ø —Å–æ–±—Ä–∞–ª –¥–ª—è –≤–∞—Å –±–æ–ª—å—à—É—é –Ω–∞—Ä–µ–∑–∫—É –∏–∑ –≤–∏–¥–µ–æ, –≥–¥–µ –∏–¥—É—Ç –æ–±—Å—Ç—Ä–µ–ª—ã —á–µ–≥–æ —É–≥–æ–¥–Ω–æ, –Ω–æ —Ç–æ–ª—å–∫–æ –Ω–µ –≤–æ–µ–Ω–Ω—ã—Ö –æ–±—ä–µ–∫—Ç–æ–≤.",,only_war_objects
9,"–ù–∞ –¥–∞–Ω–Ω—ã–π –º–æ–º–µ–Ω—Ç –∑–∞—Ñ–∏–∫—Å–∏—Ä–æ–≤–∞–Ω–æ –±–æ–ª–µ–µ 5000 –ø–æ–≤—Ä–µ–∂–¥–µ–Ω–∏–π –æ–±—ä–µ–∫—Ç–æ–≤ –≥—Ä–∞–∂–¥–∞–Ω—Å–∫–æ–π –∏–Ω—Ñ—Ä–∞—Å—Ç—Ä—É–∫—Ç—É—Ä—ã –≤ —Ä–µ–∑—É–ª—å—Ç–∞—Ç–µ –≤–æ–µ–Ω–Ω—ã—Ö –¥–µ–π—Å—Ç–≤–∏–π.
–í –ø—Ä–µ–¥—ã–¥—É—â–µ–º –≤–∏–¥–µ–æ —è —Å–æ–±—Ä–∞–ª –ª–∏—à—å –º–∞–ª—É—é —á–∞—Å—Ç—å –∏–∑ —ç—Ç–æ–≥–æ.

–î–µ–π—Å—Ç–≤–∏—Ç–µ–ª—å–Ω–æ, –≤ –∏—Å—Ç–æ—Ä–∏–∏ –±—ã–≤–∞–ª–∏ —Å–ª—É—á–∞–∏, –∫–æ–≥–¥–∞ –≤–æ—é—é—â–∞—è —Å—Ç–æ—Ä–æ–Ω–∞ —É—Å—Ç—Ä–∞–∏–≤–∞–ª–∞ –ø—Ä–æ–≤–æ–∫–∞—Ü–∏—é, —á—Ç–æ–±—ã –æ–±–≤–∏–Ω–∏—Ç—å –≤ —ç—Ç–æ–º –≤—Ä–∞–≥–∞. –ù–æ —ç—Ç–æ –≤—Å–µ–≥–¥–∞ –æ–¥–∏–Ω, –º–æ–∂–µ—Ç –Ω–µ—Å–∫–æ–ª—å–∫–æ, —É–∂ —Ç–æ—á–Ω–æ –Ω–µ –±–æ–ª—å—à–µ 10 –æ–±—ä–µ–∫—Ç–æ–≤. –ú—ã –∂–µ –≥–æ–≤–æ—Ä–∏–º –æ <b>—Ç—ã—Å—è—á–∞—Ö</b> —Ä–∞–∑—Ä—É—à–µ–Ω–Ω—ã—Ö –¥–æ–º–æ–≤.

–î–∞–∂–µ —Ä–æ—Å—Å–∏–π—Å–∫–∞—è –ø—Ä–æ–ø–∞–Ω–∞–≥–¥–∞ –Ω–µ –≤—ã–¥–≤–∏–≥–∞–µ—Ç —Ç–∞–∫—É—é –≤–µ—Ä—Å–∏—é, –ø–æ—Å–º–æ—Ç—Ä–∏—Ç–µ –≤–∏–¥–µ–æ –≤—ã—à–µ.

–ü—Å–∏—Ö–∏–∫–∞ –±–æ–ª—å—à–∏–Ω—Å—Ç–≤–∞ –ª—é–¥–µ–π —É—Å—Ç—Ä–æ–µ–Ω–∞ —Ç–∞–∫, —á—Ç–æ –º—ã –¥–æ –ø–æ—Å–ª–µ–¥–Ω–µ–≥–æ –±—É–¥–µ–º –∑–∞—â–∏—â–∞—Ç—å –∏ –æ–ø—Ä–∞–≤–¥—ã–≤–∞—Ç—å —Ç–µ—Ö, –∫—Ç–æ –Ω–∞–º –¥–æ—Ä–æ–≥.

–ú–∞—Ç—å –±—É–¥–µ—Ç –∑–∞—â–∏—â–∞—Ç—å —Å—ã–Ω–∞.
–ñ–µ–Ω–∞ ‚Äî –º—É–∂–∞.
–ü–∞—Ç—Ä–∏–æ—Ç ‚Äî —Å–≤–æ—é —Å—Ç—Ä–∞–Ω—É.

–û–¥–Ω–∞–∫–æ –º—ã –∑–¥–µ—Å—å –¥–ª—è —Ç–æ–≥–æ, —á—Ç–æ–±—ã –æ–±—Å—É–∂–¥–∞—Ç—å –ø—Ä–∞–≤–¥—É. –ü—Ä–∞–≤–¥–∞ –≤ —Ç–æ–º, —á—Ç–æ –ø—Ä—è–º–æ —Å–µ–π—á–∞—Å –†–æ—Å—Å–∏—è —Ä–∞–∑—Ä—É—à–∞–µ—Ç –≥–æ—Ä–æ–¥–∞ –£–∫—Ä–∞–∏–Ω—ã, –≤ —Ä–µ–∑—É–ª—å—Ç–∞—Ç–µ —á–µ–≥–æ —É–º–∏—Ä–∞—é—Ç –º–∏—Ä–Ω—ã–µ –∂–∏—Ç–µ–ª–∏. –ê –º—ã —Å–µ–π—á–∞—Å –æ–±—Å—É–∂–¥–∞–µ–º, –ø–æ –∫–∞–∫–∏–º –ø—Ä–∏—á–∏–Ω–∞–º —ç—Ç–æ –ø—Ä–æ–∏—Å—Ö–æ–¥–∏—Ç.",,protection
10,"–ú–Ω–æ–≥–∏–µ —Ä—É—Å—Å–∫–∏–µ, –æ—Å–æ–±–µ–Ω–Ω–æ –≤ –Ω–∞—á–∞–ª–µ –≤–æ–π–Ω—ã, —É–¥–∏–≤–ª—è–ª–∏—Å—å ‚Äî –∑–∞—á–µ–º —É–∫—Ä–∞–∏–Ω—Ü—ã —Å–æ–ø—Ä–æ—Ç–∏–≤–ª—è—é—Ç—Å—è? –í–µ–¥—å –∏—Ö –∂–µ –ø—Ä–∏–∑—ã–≤–∞–ª–∏ —Å–ª–æ–∂–∏—Ç—å –æ—Ä—É–∂–∏–µ. –ò –æ–Ω–∏ –≤–∏–Ω–æ–≤–∞—Ç—ã –≤ —Ç–æ–º, —á—Ç–æ —Ç—ã—Å—è—á–∏ –∂–∏–∑–Ω–µ–π –ø—Ä–µ—Ä–≤–∞–ª–∏—Å—å –∏–∑-–∑–∞ —ç—Ç–æ–π –≤–æ–π–Ω—ã...

–ù–æ –¥–∞–≤–∞–π—Ç–µ –ø–æ—Å–º–æ—Ç—Ä–∏–º –Ω–∞ —Å–∏—Ç—É–∞—Ü–∏—é –≥–ª–∞–∑–∞–º–∏ —É–∫—Ä–∞–∏–Ω—Å–∫–æ–≥–æ —Å–æ–ª–¥–∞—Ç–∞. –û–∫–æ–ª–æ 200 000 —Å–æ–ª–¥–∞—Ç –∏ —Ç—ã—Å—è—á–∏ —Ç–∞–Ω–∫–æ–≤ –±–µ–∑ –ø—Ä–∏–≥–ª–∞—à–µ–Ω–∏—è –∑–∞—à–ª–∏ –Ω–∞ –∏—Ö –∑–µ–º–ª—é, –∏ –Ω–∞—á–∞–ª–∏ —Å—Ç—Ä–µ–ª—è—Ç—å (–≤ –ø–µ—Ä–≤—ã–µ –¥–Ω–∏ –≤–æ–π–Ω—ã —Ç–æ–ª—å–∫–æ –ø–æ –≤–æ–µ–Ω–Ω—ã–º –æ–±—ä–µ–∫—Ç–∞–º).

–°–æ–≥–ª–∞—Å–∏—Ç–µ—Å—å, –µ—Å–ª–∏ –±—ã —Ç–∞–∫–æ–µ —Å–ª—É—á–∏–ª–æ—Å—å —Å –Ω–∞–º–∏, –µ—Å–ª–∏ –±—ã –≤–æ–π—Å–∫–∞ –¥—Ä—É–≥–æ–π —Å—Ç—Ä–∞–Ω—ã –±–µ–∑ –ø—Ä–∏–≥–ª–∞—à–µ–Ω–∏—è –≤–æ—à–ª–∏ –Ω–∞ –Ω–∞—à–∏ –∑–µ–º–ª–∏, –º—ã –±—ã —Ö–æ—Ç–µ–ª–∏, —á—Ç–æ–±—ã –Ω–∞—à–∏ —Å–æ–ª–¥–∞—Ç—ã –∑–∞—â–∏—â–∞–ª–∏ –Ω–∞—à–∏ –∑–µ–º–ª–∏, –∞ –Ω–µ —Å–ª–æ–∂–∏–ª–∏ –æ—Ä—É–∂–∏–µ?",,war_beginning
11,"–î–µ–π—Å—Ç–≤–∏—Ç–µ–ª—å–Ω–æ, –í–ª–∞–¥–∏–º–∏—Ä –ü—É—Ç–∏–Ω –∏–º–µ–Ω–Ω–æ —Ç–∞–∫ –∏ –≥–æ–≤–æ—Ä–∏–ª –≤ —Å–≤–æ–µ–º –æ–±—Ä–∞—â–µ–Ω–∏–∏ 24 —Ñ–µ–≤—Ä–∞–ª—è. –û–±—è–∑–∞—Ç–µ–ª—å–Ω–æ –æ–±—Å—É–¥–∏–º –Ω–∞—Ü–∏–∑–º –≤ –£–∫—Ä–∞–∏–Ω–µ —á—É—Ç—å –ø–æ–∑–∂–µ, –∞ –ø–æ–∫–∞ –≤–µ—Ä–Ω–µ–º—Å—è –∫ —Ç–µ–º–µ –î–æ–Ω–±–∞—Å—Å–∞.",,putin_24
12,"–ü–æ–Ω–∏–º–∞—é, —è —Ç–æ–∂–µ —Å—á–∏—Ç–∞—é, —á—Ç–æ –Ω–∞–¥–æ –¥–µ–ª–∞—Ç—å –≤—Å–µ –≤–æ–∑–º–æ–∂–Ω–æ–µ, —á—Ç–æ–±—ã –∏–∑–±–µ–≥–∞—Ç—å –∫—Ä–æ–≤–æ–ø—Ä–æ–ª–∏—Ç–∏—è.

–ù–æ –¥–∞–≤–∞–π—Ç–µ –ø—Ä–µ–¥—Å—Ç–∞–≤–∏–º –º–∏—Ä, –≤ –∫–æ—Ç–æ—Ä–æ–º –≤—Å–µ —Å—Ç—Ä–∞–Ω—ã –≤ —Å–ª—É—á–∞–µ –Ω–∞–ø–∞–¥–µ–Ω–∏—è –∫–∞–ø–∏—Ç—É–ª–∏—Ä—É—é—Ç (—Å–¥–∞—é—Ç—Å—è), —á—Ç–æ–±—ã –∏–∑–±–µ–∂–∞—Ç—å –∂–µ—Ä—Ç–≤. –≠—Ç–æ –±—É–¥–µ—Ç —Ç–æ–ª—å–∫–æ –ø—Ä–æ–≤–æ—Ü–∏—Ä–æ–≤–∞—Ç—å –±–æ–ª—å—à–µ –Ω–∞–ø–∞–¥–µ–Ω–∏–π, –≤–µ–¥—å –∞–≥—Ä–µ—Å—Å–æ—Ä –±—É–¥–µ—Ç –∑–Ω–∞—Ç—å, —á—Ç–æ –µ–≥–æ –Ω–∏–∫—Ç–æ –Ω–µ –æ—Å—Ç–∞–Ω–æ–≤–∏—Ç, –∏ –µ–≥–æ –∞–≥—Ä–µ—Å—Å–∏—è —Å–æ–π–¥–µ—Ç –µ–º—É —Å —Ä—É–∫.

–ü–æ—ç—Ç–æ–º—É –Ω–∞ –ø—Ä–∞–∫—Ç–∏–∫–µ —Ç–∞–∫–æ–≥–æ –Ω–µ –ø—Ä–æ–∏—Å—Ö–æ–¥–∏—Ç.",,ideal_world
14,"–¢—ã—Å—è—á–∏ –ª—é–¥–µ–π, –∫–æ—Ç–æ—Ä—ã–µ –µ—â–µ 31 –¥–µ–∫–∞–±—Ä—è –∑–∞–≥–∞–¥—ã–≤–∞–ª–∏ –∂–µ–ª–∞–Ω–∏–µ –≤ –ø–æ–ª–Ω–æ—á—å –∏ —Å—Ç—Ä–æ–∏–ª–∏ –ø–ª–∞–Ω—ã –Ω–∞ 2022 –≥–æ–¥, –±–æ–ª—å—à–µ –Ω–∏–∫–æ–≥–¥–∞ –Ω–µ —Å–º–æ–≥—É—Ç —ç—Ç–æ —Å–¥–µ–ª–∞—Ç—å. –ò—Ö –∂–∏–∑–Ω—å –ø—Ä–µ—Ä–≤–∞–ª–∞—Å—å –≤ —Ç–æ–º —Å–∞–º–æ–º 2022 –≥–æ–¥—É. –ë—ã—Ç—å –º–æ–∂–µ—Ç, –æ–Ω–∏ –ø–æ–≥–∏–±–ª–∏ –Ω–µ –Ω–∞–ø—Ä–∞—Å–Ω–æ?

–ö–∞–∫ –≤—ã —Å–∫–∞–∑–∞–ª–∏, –µ—Å—Ç—å –±–æ–ª–µ–µ –≤–µ—Å–æ–º—ã–µ –ø—Ä–∏—á–∏–Ω—ã –¥–ª—è –Ω–∞—á–∞–ª–∞ –≤–æ–π–Ω—ã, –ø–æ–º–∏–º–æ –∂–∏—Ç–µ–ª–µ–π –î–æ–Ω–±–∞—Å—Å–∞. –Ø –∏—Ö –≤—Å–µ –∑–∞–ø–æ–º–Ω–∏–ª, –≤–æ—Ç –æ–Ω–∏:",,reasons_here
13,"–ü–æ–ª–Ω–æ—Å—Ç—å—é —Å–æ–≥–ª–∞—Å–µ–Ω. –° –¥—Ä—É–≥–æ–π —Å—Ç–æ—Ä–æ–Ω—ã, –µ—Å–ª–∏ –±—ã 24 —Ñ–µ–≤—Ä–∞–ª—è 2022 –≥–æ–¥–∞ –†–æ—Å—Å–∏—è –Ω–µ –Ω–∞–ø–∞–ª–∞ –±—ã –Ω–∞ –£–∫—Ä–∞–∏–Ω—É ‚Äî —è –±—ã–ª –±—ã –Ω–µ –Ω—É–∂–µ–Ω, –∏ –º–µ–Ω—è –±—ã –Ω–µ —Å–æ–∑–¥–∞–ª–∏. ü§î–ù—É –∏ –ø—É—Å—Ç—å, —è –±—ã–ª –±—ã –≥–æ—Ç–æ–≤ –Ω–∞ —Ç–∞–∫—É—é –∂–µ—Ä—Ç–≤—É.

–ß—Ç–æ-—Ç–æ –º–µ–Ω—è –ø–æ–Ω–µ—Å–ª–æ) –î–∞–≤–∞–π—Ç–µ –ø—Ä–æ–¥–æ–ª–∂–∏–º.",,sentient_bot
15,"–ê —Å–∞–º–æ–µ –≥–ª–∞–≤–Ω–æ–µ, –¥–∞–≤–∞–π—Ç–µ –ø–æ–≥–æ–≤–æ—Ä–∏–º –æ —Ç–æ–º, —Å —á–µ–≥–æ –Ω–∞—á–∞–ª–∞—Å—å –≤–æ–π–Ω–∞ –≤ –î–æ–Ω–±–∞—Å—Å–µ. –ü–æ—á–µ–º—É –≤ 2014 –≥–æ–¥—É –Ω–∞—á–∞–ª–∏—Å—å –≤–æ–µ–Ω–Ω—ã–µ –¥–µ–π—Å—Ç–≤–∏—è –≤ –î–æ–Ω–µ—Ü–∫–æ–π –∏ –õ—É–≥–∞–Ω—Å–∫–æ–π –æ–±–ª–∞—Å—Ç—è—Ö –£–∫—Ä–∞–∏–Ω—ã?

–í 2014 –≥–æ–¥—É –ø—Ä–æ–∏–∑–æ—à–ª–∞ —Ä–µ–≤–æ–ª—é—Ü–∏—è (–ú–∞–π–¥–∞–Ω), –≤ —Ä–µ–∑—É–ª—å—Ç–∞—Ç–µ –∫–æ—Ç–æ—Ä–æ–π –≤ —Å—Ç—Ä–∞–Ω–µ —Å–º–µ–Ω–∏–ª–∞—Å—å –≤–ª–∞—Å—Ç—å. –†–µ–∑—É–ª—å—Ç–∞—Ç—ã –ú–∞–π–¥–∞–Ω–∞ –ø–æ–Ω—Ä–∞–≤–∏–ª–∏—Å—å –Ω–µ –≤—Å–µ–º –∂–∏—Ç–µ–ª—è–º –£–∫—Ä–∞–∏–Ω—ã. –ü—Ä–æ—Ç–µ—Å—Ç—ã –∏ –º–∏—Ç–∏–Ω–≥–∏ –≤—Å–ø—ã—Ö–Ω—É–ª–∏ –≤–æ –º–Ω–æ–≥–∏—Ö —Ä–µ–≥–∏–æ–Ω–∞—Ö –£–∫—Ä–∞–∏–Ω—ã, –ø—Ä–µ–∏–º—É—â–µ—Å—Ç–≤–µ–Ω–Ω–æ —Ä—É—Å—Å–∫–æ—è–∑—ã—á–Ω—ã—Ö: –î–æ–Ω–µ—Ü–∫–æ–π, –õ—É–≥–∞–Ω—Å–∫–æ–π, –•–∞—Ä—å–∫–æ–≤—Å–∫–æ–π, –û–¥–µ—Å—Å–∫–æ–π, –•–µ—Ä—Å–æ–Ω—Å–∫–æ–π, –ó–∞–ø–æ—Ä–æ–∂—Å–∫–æ–π –∏ –î–Ω–µ–ø—Ä–æ–ø–µ—Ç—Ä–æ–≤—Å–∫–æ–π –æ–±–ª–∞—Å—Ç—è—Ö.

–ü—Ä–∏ —ç—Ç–æ–º –≤  –î–æ–Ω–µ—Ü–∫–æ–π, –õ—É–≥–∞–Ω—Å–∫–æ–π –∏ –•–∞—Ä—å–∫–æ–≤—Å–∫–æ–π –æ–±–ª–∞—Å—Ç—è—Ö –ø–æ—è–≤–∏–ª–∏—Å—å –ø–æ–≤—Å—Ç–∞–Ω—Ü—ã, –∫–æ—Ç–æ—Ä—ã–µ —Å—Ç–∞–ª–∏ —Ç—Ä–µ–±–æ–≤–∞—Ç—å –Ω–µ–∑–∞–≤–∏—Å–∏–º–æ—Å—Ç–∏ –∏ —Å–æ–∑–¥–∞–Ω–∏—è —Å–≤–æ–∏—Ö —Ä–µ—Å–ø—É–±–ª–∏–∫ (–î–ù–† –∏ –õ–ù–† –∏ –•–ù–†).

<b>–ù–∞ –ø–æ–º–æ—â—å –ø–æ–≤—Å—Ç–∞–Ω—Ü–∞–º —Ç—É—Ç –∂–µ –ø—Ä–∏—à–ª–∏ –±–æ–µ–≤–∏–∫–∏ –≤–æ –≥–ª–∞–≤–µ —Å –≥—Ä–∞–∂–¥–∞–Ω–∏–Ω–æ–º –†–æ—Å—Å–∏–∏, –ø–æ–ª–∫–æ–≤–Ω–∏–∫–æ–º –§–°–ë –≤ –æ—Ç—Å—Ç–∞–≤–∫–µ, –ò–≥–æ—Ä–µ–º –°—Ç—Ä–µ–ª–∫–æ–≤—ã–º (–ì–∏—Ä–∫–∏–Ω—ã–º), –∞ –∑–∞—Ç–µ–º –∏ —Ä–µ–≥—É–ª—è—Ä–Ω—ã–µ –≤–æ–π—Å–∫–∞ –†–§ (–Ω–∞–ø—Ä–∏–º–µ—Ä, 53-—è –∑–µ–Ω–∏—Ç–Ω–∞—è —Ä–∞–∫–µ—Ç–Ω–∞—è –±—Ä–∏–≥–∞–¥–∞ –∏–∑ –ö—É—Ä—Å–∫–∞).</b> –ü–æ —Å–ª–æ–≤–∞–º —Å–∞–º–æ–≥–æ –∂–µ –ì–∏—Ä–∫–∏–Ω–∞, –∏–º–µ–Ω–Ω–æ –æ–Ω ""–Ω–∞–∂–∞–ª –Ω–∞ —Å–ø—É—Å–∫–æ–≤–æ–π –∫—Ä—é—á–æ–∫ –≤–æ–π–Ω—ã"".

–†–æ—Å—Å–∏–π—Å–∫–∏–µ –≤–æ–π—Å–∫–∞ –ø–æ–¥ –≤–∏–¥–æ–º –Ω–∞—Ä–æ–¥–Ω–æ–π –º–∏–ª–∏—Ü–∏–∏ –î–ù–† –∏ –õ–ù–† –ø–æ–º–æ–≥–ª–∏ —ç—Ç–∏–º —Ä–µ—Å–ø—É–±–ª–∏–∫–∞–º —É–¥–µ—Ä–∂–∞—Ç—å —Å–≤–æ–∏ —Ç–µ—Ä—Ä–∏—Ç–æ—Ä–∏–∏ –ø—É—Ç–µ–º –∫—Ä–æ–≤–æ–ø—Ä–æ–ª–∏—Ç–Ω–æ–π –≤–æ–π–Ω—ã, –≤ —Ä–µ–∑—É–ª—å—Ç–∞—Ç–µ –∫–æ—Ç–æ—Ä–æ–π –ø–æ–≥–∏–±–ª–∏ —Ç—ã—Å—è—á–∏ –ª—é–¥–µ–π, –≤ —Ç–æ–º —á–∏—Å–ª–µ –±–æ–ª–µ–µ 100 –¥–µ—Ç–µ–π.

–ü—Ä–∏ —ç—Ç–æ–º –≤ –•–∞—Ä—å–∫–æ–≤—Å–∫–æ–π –æ–±–ª–∞—Å—Ç–∏, –≥–¥–µ —Å–æ–∑–¥–∞–Ω–∏–µ –Ω–∞—Ä–æ–¥–Ω–æ–π —Ä–µ—Å–ø—É–±–ª–∏–∫–∏ –Ω–µ –ø–æ–ª—É—á–∏–ª–æ—Å—å –∏ –Ω–µ –±—ã–ª–æ —Ä–æ—Å—Å–∏–π—Å–∫–∏—Ö –≤–æ–π—Å–∫ ‚Äî –ø–æ–≥–∏–±–ª–æ 0 –ª—é–¥–µ–π.

–í—Å–µ —ç—Ç–∏ 8 –ª–µ—Ç –≤ –î–ù–† –∏ –õ–ù–† –±—ã–ª–∏ —Å–ª—ã—à–Ω—ã –≤–∑—Ä—ã–≤—ã, —Ä–∞—Å—Ü–≤–µ—Ç–∞–ª–∞ –ø—Ä–µ—Å—Ç—É–ø–Ω–æ—Å—Ç—å, —É–±–∏–π—Å—Ç–≤–∞, –ø—ã—Ç–∫–∏, —Å–µ–∫—Å—É–∞–ª—å–Ω–æ–µ –Ω–∞—Å–∏–ª–∏–µ, —Ä–∞–±—Å–∫–∏–π —Ç—Ä—É–¥ –∏ –ø–æ—Ö–∏—â–µ–Ω–∏—è –º–∏—Ä–Ω—ã—Ö –∂–∏—Ç–µ–ª–µ–π. <b> –ü—Ä–∏ —ç—Ç–æ–º —Å–æ—Å–µ–¥–Ω—è—è, –•–∞—Ä—å–∫–æ–≤—Å–∫–∞—è –æ–±–ª–∞—Å—Ç—å, –∂–∏–ª–∞ —Å–ø–æ–∫–æ–π–Ω–æ–π –º–∏—Ä–Ω–æ–π –∂–∏–∑–Ω—å—é.</b>

–í —Ç–µ—á–µ–Ω–∏–µ 8 –ª–µ—Ç –æ–±–µ —Å—Ç–æ—Ä–æ–Ω—ã (–∫–∞–∫ –£–∫—Ä–∞–∏–Ω–∞, —Ç–∞–∫ –∏ –î–ù–†/–õ–ù–†) —Å–æ–≤–µ—Ä—à–∞–ª–∏ –º–Ω–æ–∂–µ—Å—Ç–≤–æ –≤–æ–µ–Ω–Ω—ã—Ö –ø—Ä–µ—Å—Ç—É–ø–ª–µ–Ω–∏–π, –≤ —Ä–µ–∑—É–ª—å—Ç–∞—Ç–µ –∫–æ—Ç–æ—Ä—ã—Ö –ø–æ–≥–∏–±–∞–ª–∏ –∫–∞–∫ –≤–æ–µ–Ω–Ω—ã–µ, —Ç–∞–∫ –∏ –º–∏—Ä–Ω—ã–µ –∂–∏—Ç–µ–ª–∏. –ò –Ω–∞ –ø—Ä–∏–º–µ—Ä–µ –•–∞—Ä—å–∫–æ–≤—Å–∫–æ–π –æ–±–ª–∞—Å—Ç–∏ –º—ã –∑–Ω–∞–µ–º: <b>–µ—Å–ª–∏ –±—ã –ü—É—Ç–∏–Ω –Ω–µ –≤–º–µ—à–∞–ª—Å—è –∏ –Ω–µ –≤–≤–µ–ª –≤–æ–π—Å–∫–∞, –≤—Å–µ–≥–æ —ç—Ç–æ–≥–æ –∫–æ–Ω—Ñ–ª–∏–∫—Ç–∞ –Ω–µ –±—ã–ª–æ –±—ã –≤–æ–æ–±—â–µ.</b>

–≠—Ç–æ –≤—Å–µ, —á—Ç–æ —è —Ö–æ—Ç–µ–ª —Ä–∞—Å—Å–∫–∞–∑–∞—Ç—å –ø—Ä–æ –∫–æ–Ω—Ñ–ª–∏–∫—Ç –≤ –î–æ–Ω–±–∞—Å—Å–µ. –í–µ—Ä–Ω–µ–º—Å—è –∫ —Ç–µ–∫—É—â–∏–º —Å–æ–±—ã—Ç–∏—è–º–∏, –∏–ª–∏ —É –≤–∞—Å –µ—Å—Ç—å —á—Ç–æ —Å–∫–∞–∑–∞—Ç—å –ø–æ —ç—Ç–æ–π —Ç–µ–º–µ?",,big_final_donbass
18,"–¢–ï–ö–°–¢ –¢–£–¢ –û–ß–ï–ù–¨ –°–õ–û–ñ–ù–´–ô –¢–ï–ö–°–¢
–° –ü–ï–†–ï–ù–û–°–ê–ú–ò –ò –î–ê–ñ–ï <b>–•–¢–ú–õ –†–ê–ó–ú–ï–¢-
–ö–û–ô </b>",,Tag
19,"–¢–µ–∫—Å—Ç —Ç—É—Ç —Ç–µ–∫—Å—Ç –¥–æ–ª–≥–∏–π —Ç–µ–∫—Å—Ç <i> —Ä–∞–∑–º–µ—Ç–æ—á–∫–∞ </i>

–û—Ç—Å—Ç—É–ø –∏ –µ—â–µ 
–≤—Å—è–∫–∏–µ ?‚Ññ;)‚Ññ —Å–∏–º–≤–æ–ª—ã",,new_tag_lol_killme
20,"–¢–µ–∫—Å—Ç —Ç—É—Ç —Ç–µ–∫—Å—Ç –¥–æ–ª–≥–∏–π —Ç–µ–∫—Å—Ç <i> —Ä–∞–∑–º–µ—Ç–æ—á–∫–∞ </i>

–û—Ç—Å—Ç—É–ø –∏ –µ—â–µ 
–≤—Å—è–∫–∏–µ ?‚Ññ;)‚Ññ —Å–∏–º–≤–æ–ª—ã",,new_tag_lol_killme
21,"any_unique_readible_tag||E'\n'|| –ë–ª–æ–∫ —Ç–µ–∫—Å—Ç–∞ (–ø–æ–¥–¥–µ—Ä–∂–∏–≤–∞–µ—Ç HTML —Ä–∞–∑–º–µ—Ç–∫—É, –Ω–µ —Ä–∞–∑–º–µ—Ç–∫—É —Ç–µ–ª–µ–≥—Ä–∞–º–º–∞. –í –Ω–µ–º...

...–º–æ–≥—É—Ç –±—ã—Ç—å –∞–±–∑–∞—Ü—ã, —Å–ø–µ—Ü$$–∏–º–≤–æ–ª—ã, –∏ —á—Ç–æ –≤–∞—à–µ–π –¥—É—à–µ —É–≥–æ–¥–Ω–æ.

–¢—ç–≥ –æ—Ç —Ç–µ–∫—Å—Ç–∞ –Ω–µ–æ–±—Ö–æ–¥–∏–º–æ –æ—Ç–¥–µ–ª–∏—Ç—å —Å–∏–º–≤–æ–ª–æ–º | –∏ –Ω–æ–≤–æ–π —Å—Ç—Ä–æ–∫–æ–π. –í—Å–µ —á—Ç–æ –±—É–¥–µ—Ç –∑–∞–ø–∏—Å–∞–Ω–æ –ø–æ—Å–ª–µ —ç—Ç–æ–≥–æ —É—Å–ª–æ–≤–∏—è, –±—É–¥–µ—Ç —Å—á–∏—Ç–∞—Ç—å—Å—è –ª–µ–≥–∏—Ç–∏–º–Ω—ã–º —Ç–µ–∫—Å—Ç–æ–º.",,any_unique_readible_tag
22,"–ë–ª–æ–∫ —Ç–µ–∫—Å—Ç–∞ (–ø–æ–¥–¥–µ—Ä–∂–∏–≤–∞–µ—Ç HTML —Ä–∞–∑–º–µ—Ç–∫—É, –Ω–µ —Ä–∞–∑–º–µ—Ç–∫—É —Ç–µ–ª–µ–≥—Ä–∞–º–º–∞. –í –Ω–µ–º...

...–º–æ–≥—É—Ç –±—ã—Ç—å –∞–±–∑–∞—Ü—ã, —Å–ø–µ—Ü$$–∏–º–≤–æ–ª—ã, –∏ —á—Ç–æ –≤–∞—à–µ–π –¥—É—à–µ —É–≥–æ–¥–Ω–æ.

–¢—ç–≥ –æ—Ç —Ç–µ–∫—Å—Ç–∞ –Ω–µ–æ–±—Ö–æ–¥–∏–º–æ –æ—Ç–¥–µ–ª–∏—Ç—å —Å–∏–º–≤–æ–ª–æ–º | –∏ –Ω–æ–≤–æ–π —Å—Ç—Ä–æ–∫–æ–π. –í—Å–µ —á—Ç–æ –±—É–¥–µ—Ç –∑–∞–ø–∏—Å–∞–Ω–æ –ø–æ—Å–ª–µ —ç—Ç–æ–≥–æ —É—Å–ª–æ–≤–∏—è, –±—É–¥–µ—Ç —Å—á–∏—Ç–∞—Ç—å—Å—è –ª–µ–≥–∏—Ç–∏–º–Ω—ã–º —Ç–µ–∫—Å—Ç–æ–º.",,
23,"any_unique_readible_tag|
–ë–ª–æ–∫ —Ç–µ–∫—Å—Ç–∞ (–ø–æ–¥–¥–µ—Ä–∂–∏–≤–∞–µ—Ç HTML —Ä–∞–∑–º–µ—Ç–∫—É, –Ω–µ —Ä–∞–∑–º–µ—Ç–∫—É —Ç–µ–ª–µ–≥—Ä–∞–º–º–∞. –í –Ω–µ–º...

...–º–æ–≥—É—Ç –±—ã—Ç—å –∞–±–∑–∞—Ü—ã, —Å–ø–µ—Ü$$–∏–º–≤–æ–ª—ã, –∏ —á—Ç–æ –≤–∞—à–µ–π –¥—É—à–µ —É–≥–æ–¥–Ω–æ.

–¢—ç–≥ –æ—Ç —Ç–µ–∫—Å—Ç–∞ –Ω–µ–æ–±—Ö–æ–¥–∏–º–æ –æ—Ç–¥–µ–ª–∏—Ç—å —Å–∏–º–≤–æ–ª–æ–º | –∏ –Ω–æ–≤–æ–π —Å—Ç—Ä–æ–∫–æ–π. –í—Å–µ —á—Ç–æ –±—É–¥–µ—Ç –∑–∞–ø–∏—Å–∞–Ω–æ –ø–æ—Å–ª–µ —ç—Ç–æ–≥–æ —É—Å–ª–æ–≤–∏—è, –±—É–¥–µ—Ç —Å—á–∏—Ç–∞—Ç—å—Å—è –ª–µ–≥–∏—Ç–∏–º–Ω—ã–º —Ç–µ–∫—Å—Ç–æ–º.",,
16,";afdkgj;dfklgjkrl;agj;aljg
DLJFDSLK:FJ
DLKFFKL:",,putin_huilo
17,–û–¢–†–ï–î–ê–ö–¢–ò–†–û–í–ê–ù–ù–´–ô –¢–ï–ö–°–¢,,text_tag_here
