id,truth,asset_name,text_name,belivers,nonbelivers,rebuttal,reb_asset_name
2,False,truthgame_2,truthgame_2,7,3,"–ù–∞ —Å–∞–º–æ–º –¥–µ–ª–µ, —ç—Ç–æ —Ñ–æ—Ç–æ –≤–∑—è—Ç–æ –∏–∑ —Ä–µ–ø–æ—Ä—Ç–∞–∂–∞ —É–∫—Ä–∞–∏–Ω—Å–∫–æ–≥–æ —Ç–µ–ª–µ–∫–∞–Ω–∞–ª–∞ 2015 –≥–æ–¥–∞, –æ –∑–∞–¥–µ—Ä–∂–∞–Ω–∏–∏ –¥–µ–ø—É—Ç–∞—Ç–∞ –°–µ—Ä–≥–µ—è –ú–µ–ª—å–Ω–∏—á—É–∫–∞ –≤ –ö–∏–µ–≤–µ.",tgame_reb_2
3,True,truthgame_3,truthgame_3,6,4,"–í 2022 –≥–æ–¥—É –∞–≤—Ç–æ—Ä–∏—Ç–µ—Ç–Ω—ã–π —Ñ—Ä–∞–Ω—Ü—É–∑—Å–∫–∏–π –∂—É—Ä–Ω–∞–ª ¬´Paris Match¬ª  –≤—ã–ø—É—Å—Ç–∏–ª (https://www.parismatch.com/Actu/International/Poutine-malade-rumeur-ou-tumeur-1810897) –±–æ–ª—å—à–æ–µ —Ä–∞—Å—Å–ª–µ–¥–æ–≤–∞–Ω–∏–µ –æ –∑–¥–æ—Ä–æ–≤—å–µ –í–ª–∞–¥–∏–º–∏—Ä–∞ –ü—É—Ç–∏–Ω–∞.

–í –Ω—ë–º, –≤ —Ç–æ–º —á–∏—Å–ª–µ –±—ã–ª–∞ –∏–Ω—Ñ–æ—Ä–º–∞—Ü–∏—è –æ —Ç–æ–º, —á—Ç–æ —Å–æ—Ç—Ä—É–¥–Ω–∏–∫–∏ –§–°–û, –≤ –ø–æ–µ–∑–¥–∫–∞—Ö –∑–∞ –≥—Ä–∞–Ω–∏—Ü—É, —Å–æ–±–∏—Ä–∞–ª–∏ —Ñ–µ–∫–∞–ª–∏–∏ –ü—É—Ç–∏–Ω–∞ –≤ —Å–ø–µ—Ü–∏–∞–ª—å–Ω—ã–µ –ø–∞–∫–µ—Ç—ã –∏ –≤ —á–µ–º–æ–¥–∞–Ω–µ –ø—Ä–∏–≤–æ–∑–∏–ª–∏ –≤ –†–æ—Å—Å–∏—é. –ü–æ –¥–∞–Ω–Ω—ã–º –∂—É—Ä–Ω–∞–ª–∏—Å—Ç–æ–≤, —ç—Ç–æ –¥–µ–ª–∞–ª–∏, —á—Ç–æ–±—ã —Å–∫—Ä—ã—Ç—å –¥–∞–Ω–Ω—ã–µ –æ –∑–¥–æ—Ä–æ–≤—å–µ –ø—Ä–µ–∑–∏–¥–µ–Ω—Ç–∞.",
5,False,truthgame_5,truthgame_5,6,1,–ê –Ω—É–∂–Ω–æ –æ–ø—Ä–æ–≤–µ—Ä–∂–µ–Ω–∏–µ? –û–ø–µ—Ä–∞—Ç–æ—Ä –∏–¥–µ—Ç –≤–ø–µ—Ä–µ–¥–∏ —Å–∞–ø—ë—Ä–∞! üòÅ –° —Ç–∞–∫–∏–º –æ–ø–µ—Ä–∞—Ç–æ—Ä–æ–º –Ω–∏—á–µ–≥–æ –Ω–µ —Å—Ç—Ä–∞—à–Ω–æ. üòé,
6,True,truthgame_6,truthgame_6,4,2,"–í —ç—Ç–æ–π —Å–∏—Ç—É–∞—Ü–∏–∏ –í–ª–∞–¥–∏–º–∏—Ä –ü—É—Ç–∏–Ω –≥–æ–≤–æ—Ä–∏—Ç –ø—Ä–∞–≤–¥—É. –ù–µ—Å–º–æ—Ç—Ä—è –Ω–∞ —Ç–æ, —á—Ç–æ –Ω–∏–∫–∞–∫–∏—Ö –¥–æ–≥–æ–≤–æ—Ä–æ–≤ –æ–± —ç—Ç–æ–º –∑–∞–∫–ª—é—á–µ–Ω–æ –Ω–µ –±—ã–ª–æ, –Ω–∞—Ä—É—à–µ–Ω–∏–µ —É—Å—Ç–Ω–æ–π –¥–æ–≥–æ–≤–æ—Ä—ë–Ω–Ω–æ—Å—Ç–∏ –¥–µ–π—Å—Ç–≤–∏—Ç–µ–ª—å–Ω–æ –∏–º–µ–ª–æ –º–µ—Å—Ç–æ.",tgame_reb_6
7,False,truthgame_7,truthgame_7,3,3,"–ù–∞ —Å–∞–º–æ–º –¥–µ–ª–µ, –≤ –£–∫—Ä–∞–∏–Ω–µ —Ä–µ–≥—É–ª—è—Ä–Ω–æ —Å–æ–±–∏—Ä–∞—é—Ç –≥—É–º–∞–Ω–∏—Ç–∞—Ä–Ω—É—é –ø–æ–º–æ—â—å, –≤ –ø–µ—Ä–≤—É—é –æ—á–µ—Ä–µ–¥—å –¥–ª—è –Ω–∞–∏–±–æ–ª–µ–µ —É—è–∑–≤–∏–º–æ–≥–æ –Ω–∞—Å–µ–ª–µ–Ω–∏—è. –¢–∞–∫–∂–µ –ø–æ–¥–æ–±–Ω—ã–µ —Å–±–æ—Ä—ã —Ä–µ–≥—É–ª—è—Ä–Ω–æ –æ—Ä–≥–∞–Ω–∏–∑—É—é—Ç—Å—è –≤ –ó–∞–ø–∞–¥–Ω—ã—Ö —Å—Ç—Ä–∞–Ω–∞—Ö. –í—Å–µ–≥–æ –≤ –£–∫—Ä–∞–∏–Ω–µ –æ—Ç–∫—Ä—ã—Ç—ã —Å–æ—Ç–Ω–∏, –µ—Å–ª–∏ –Ω–µ —Ç—ã—Å—è—á–∏ —Ç–∞–∫–∏—Ö —Ç–æ—á–µ–∫. –í–æ—Ç –∫–∞–∫ –æ–Ω–∏ –≤—ã–≥–ª—è–¥—è—Ç.",tgame_reb_7
8,False,truthgame_8,truthgame_8,3,2,"–≠—Ç–∞ –∫–∞—Ä—Ç–∏–Ω–∫–∞ ‚Äì —Å–æ–∑–¥–∞–Ω–Ω—ã–π –≤ —Ñ–æ—Ç–æ—à–æ–ø–µ —Ñ–µ–π–∫. –ù–∞ –æ—Ä–∏–≥–∏–Ω–∞–ª—å–Ω–æ–º —Ñ–æ—Ç–æ –≥—Ä—É–∑–æ–≤–∏–∫–∏ –ø–µ—Ä–µ–≤–æ–∑—è—Ç –∫–æ–Ω—Ç–µ–π–Ω–µ—Ä—ã –¥–ª—è —Ä–∞–∫–µ—Ç –ó–†–ö ¬´–ë—É–∫¬ª. –ö–∞–¥—Ä –±—ã–ª —Å–¥–µ–ª–∞–Ω –∂—É—Ä–Ω–∞–ª–∏—Å—Ç–∞–º–∏ –∞–≥–µ–Ω—Ç—Å—Ç–≤–∞ Reuters –∏ –æ–ø—É–±–ª–∏–∫–æ–≤–∞–Ω –µ—â–µ –≤ 2014 –≥–æ–¥—É. –ù–∞ –ø–æ–¥–¥–µ–ª–∫—É –±—ã–ª–∏ –¥–æ–±–∞–≤–ª–µ–Ω—ã –≥—Ä–æ–±—ã, –Ω–∞—Ä–∏—Å–æ–≤–∞–Ω–Ω—ã–µ –Ω–∞ –∫—É–∑–æ–≤–∞—Ö –ª–∏—Ç–µ—Ä—ã ¬´Z¬ª –∏ –¥–æ—Ä–æ–∂–Ω—ã–π –∑–Ω–∞–∫ ¬´–†–æ—Å—Å–∏—è¬ª.",tgame_reb_8
1,False,truthgame_1,truthgame_1,7,4,–ù–∞ —Å–∞–º–æ–º –¥–µ–ª–µ –Ω–∞ —Å—Ç–µ–Ω–µ –≤ –∫–æ–º–Ω–∞—Ç–µ –º–∞–ª—å—á–∏–∫–∞ –∏–∑–æ–±—Ä–∞–∂–µ–Ω–∞ –º–∞—à–∏–Ω–∞. –ü–ª–∞–∫–∞—Ç—ã —Å –≥–µ—è–º–∏ —è–≤–ª—è—é—Ç—Å—è —Ñ–∞–Ω—Ç–∞–∑–∏–µ–π –∂—É—Ä–Ω–∞–ª–∏—Å—Ç–æ–≤ —Å ¬´–†–æ—Å—Å–∏–∏-1¬ª.,tgame_reb_1
4,True,truthgame_4,truthgame_4,5,3,"–î–µ–π—Å—Ç–≤–∏—Ç–µ–ª—å–Ω–æ, –ø–æ –¥–∞–Ω–Ω—ã–º –í—Å–µ–º–∏—Ä–Ω–æ–≥–æ –ë–∞–Ω–∫–∞, –≤ 2000 –≥–æ–¥—É –æ–∫–æ–ª–æ 30% –Ω–∞—Å–µ–ª–µ–Ω–∏—è –†–§ –∂–∏–ª–∏ –∑–∞ —á–µ—Ä—Ç–æ–π –±–µ–¥–Ω–æ—Å—Ç–∏.",tgame_reb_4
